{
  "version": "v0.2",
  "seed": 42,
  "rmse": 2892.0145657501716,
  "threshold": 153.73654390934846,
  "precision": 0.675,
  "recall": 0.7105263157894737,
  "n_train": 353,
  "n_test": 89,
  "timestamp": 1760561705
}